<?xml version="1.0" encoding="UTF-8"?>
<configuration>

    <property name="LOG_PATH" value="logs"/>

    <appender name="FILE" class="ch.qos.logback.core.rolling.RollingFileAppender">
        <file>${LOG_PATH}/spring-batch.log</file>
        <rollingPolicy class="ch.qos.logback.core.rolling.TimeBasedRollingPolicy">
            <fileNamePattern>${LOG_PATH}/spring-batch-%d{yyyy-MM-dd}.log</fileNamePattern>
            <maxHistory>30</maxHistory>
        </rollingPolicy>
        <encoder>
            <pattern>%d{yyyy-MM-dd HH:mm:ss} %-5level %logger{36} - %msg%n</pattern>
        </encoder>
    </appender>

    <logger name="org.springframework.batch" level="DEBUG" additivity="false">
        <appender-ref ref="FILE"/>
    </logger>

    <root level="ERROR">
        <appender-ref ref="FILE"/>
    </root>


</configuration>
